{
  "main": {
    "id": "a926ed6b13e46945",
    "type": "split",
    "children": [
      {
        "id": "9fb14694822b124f",
        "type": "tabs",
        "children": [
          {
            "id": "cbb803bb3407c66a",
            "type": "leaf",
            "state": {
              "type": "markdown",
              "state": {
                "file": "SALTO/Reprise_11_03_24/All resume.md",
                "mode": "source",
                "source": false
              }
            }
          },
          {
            "id": "0b3e9c53249a0b90",
            "type": "leaf",
            "state": {
              "type": "markdown",
              "state": {
                "file": "SALTO/Deroulement_Taches_SALTO/DEV/Test Unitaires.md",
                "mode": "source",
                "source": false
              }
            }
          },
          {
            "id": "7dd02236c3483910",
            "type": "leaf",
            "state": {
              "type": "markdown",
              "state": {
                "file": "SALTO/Reprise_17_06/Ano - Catalog/Discuss Catalog-24_06.md",
                "mode": "source",
                "source": false
              }
            }
          },
          {
            "id": "6777dcca734fb7b7",
            "type": "leaf",
            "state": {
              "type": "markdown",
              "state": {
                "file": "SALTO/Reprise_17_06/Soutenance/Remarques slides.md",
                "mode": "source",
                "source": false
              }
            }
          },
          {
            "id": "f6a90a79f3125892",
            "type": "leaf",
            "state": {
              "type": "markdown",
              "state": {
                "file": "SALTO/Reprise_17_06/Cas bloquants.md",
                "mode": "source",
                "source": false
              }
            }
          },
          {
            "id": "60c270028d9c000c",
            "type": "leaf",
            "state": {
              "type": "canvas",
              "state": {
                "file": "Sans titre.canvas",
                "viewState": {
                  "x": 0,
                  "y": 0,
                  "zoom": 0
                }
              }
            }
          },
          {
            "id": "ad26b9f938973d68",
            "type": "leaf",
            "state": {
              "type": "markdown",
              "state": {
                "file": "SALTO/SALTO - 19806/SFD.md",
                "mode": "source",
                "source": false
              }
            }
          },
          {
            "id": "ce95f530e4f14358",
            "type": "leaf",
            "state": {
              "type": "markdown",
              "state": {
                "file": "SALTO/Reprise_11_03_24/Taches/SFD/Update SFD.md",
                "mode": "source",
                "source": false
              }
            }
          }
        ],
        "currentTab": 3
      }
    ],
    "direction": "vertical"
  },
  "left": {
    "id": "c1b4a5ffe92abea2",
    "type": "split",
    "children": [
      {
        "id": "6c7801465ec30592",
        "type": "tabs",
        "children": [
          {
            "id": "17bdfa095360dbad",
            "type": "leaf",
            "state": {
              "type": "file-explorer",
              "state": {
                "sortOrder": "alphabetical"
              }
            }
          },
          {
            "id": "b555bb4ff0f312b3",
            "type": "leaf",
            "state": {
              "type": "search",
              "state": {
                "query": "Rmlv",
                "matchingCase": true,
                "explainSearch": false,
                "collapseAll": false,
                "extraContext": false,
                "sortOrder": "alphabetical"
              }
            }
          },
          {
            "id": "4ab76a3045df7167",
            "type": "leaf",
            "state": {
              "type": "bookmarks",
              "state": {}
            }
          }
        ],
        "currentTab": 1
      }
    ],
    "direction": "horizontal",
    "width": 282.5
  },
  "right": {
    "id": "f6aec10d5e1fcf3e",
    "type": "split",
    "children": [
      {
        "id": "6011e71068b64619",
        "type": "tabs",
        "children": [
          {
            "id": "9915dccce0564399",
            "type": "leaf",
            "state": {
              "type": "backlink",
              "state": {
                "file": "SALTO/Reprise_17_06/Soutenance/Remarques slides.md",
                "collapseAll": false,
                "extraContext": false,
                "sortOrder": "alphabetical",
                "showSearch": false,
                "searchQuery": "",
                "backlinkCollapsed": false,
                "unlinkedCollapsed": true
              }
            }
          },
          {
            "id": "17de5c3e43dafe80",
            "type": "leaf",
            "state": {
              "type": "outgoing-link",
              "state": {
                "file": "SALTO/Reprise_17_06/Soutenance/Remarques slides.md",
                "linksCollapsed": false,
                "unlinkedCollapsed": true
              }
            }
          },
          {
            "id": "6ee93b49c279dd36",
            "type": "leaf",
            "state": {
              "type": "tag",
              "state": {
                "sortOrder": "frequency",
                "useHierarchy": true
              }
            }
          },
          {
            "id": "88e678c1d79c5aac",
            "type": "leaf",
            "state": {
              "type": "outline",
              "state": {
                "file": "SALTO/Reprise_17_06/Soutenance/Remarques slides.md"
              }
            }
          }
        ]
      }
    ],
    "direction": "horizontal",
    "width": 300,
    "collapsed": true
  },
  "left-ribbon": {
    "hiddenItems": {
      "switcher:Ouvrir le sélecteur rapide": false,
      "graph:Ouvrir la vue graphique": false,
      "canvas:Créer une nouvelle toile": false,
      "daily-notes:Ouvrir la note quotidienne": false,
      "templates:Insérer le modèle": false,
      "command-palette:Ouvrir la palette de commandes": false
    }
  },
  "active": "b555bb4ff0f312b3",
  "lastOpenFiles": [
    "SALTO/Activités Support/V1 Notes.md",
    "SALTO/Reprise_17_06/Support.md",
    "SALTO/Reprise_17_06/Tâches quotidiennes.md",
    "SALTO/Reprise_17_06/To be deleted.md",
    "SALTO/Reprise_17_06/Mise à jour pour V1.md",
    "SALTO/Activités Support/Daily RUN.md",
    "SALTO/Activités Support/Point bi-hebdomadaire - mercredi.md",
    "SALTO/Activités Support/Peech.md",
    "SALTO/Activités Support/Reprises.md",
    "SALTO/Reprise_17_06/Piste de résolution des PB.md",
    "SALTO/Activités Support/Cartes bugs en cours.md",
    "SALTO/Activités Support/SUIVI ANO.md",
    "SALTO/Activités Support/Revue des ARs - CATALOG.md",
    "SALTO/Reprise_17_06/Cas de résolutions.md",
    "SALTO/Reprise_17_06/Bug Catalogue.md",
    "SALTO/Reprise_17_06/Cas bloquants.md",
    "SALTO/Reprise_17_06/Cas pratiques à connaitre.md",
    "SALTO/Reprise_17_06/Daily RUN OBS.md",
    "SALTO/Reprise_17_06/Discussion avec Tutrice.md",
    "SALTO/Reprise_17_06/Docteur DPS.md",
    "SALTO/Reprise_17_06/Kube.md",
    "SALTO/Reprise_17_06/Note Revu des ARs.md",
    "SALTO/Reprise_17_06/Soutenance/Remarques slides.md",
    "SALTO/Reprise_17_06/Ano - Catalog/Discuss Catalog-24_06.md",
    "SALTO/Activités Support",
    "SALTO/Sans titre.md",
    "SALTO/Reunions Equipes",
    "SALTO/Rapport Alternance/Soutenance a connaitre.md",
    "Pasted image 20240705093003.png",
    "SALTO/Reprise_17_06/Soutenance",
    "SALTO/Perso",
    "SALTO/Reprise_17_06/Ano - Catalog",
    "SALTO/Rapport Alternance",
    "Pasted image 20240621153515.png",
    "Pasted image 20240620113553.png",
    "Pasted image 20240620105146.png",
    "Pasted image 20240620095347.png",
    "Pasted image 20240618094531.png",
    "Pasted image 20240617164042.png",
    "Pasted image 20240617164005.png",
    "Pasted image 20240617163930.png",
    "Pasted image 20240617151018.png",
    "SALTO/Reprise_17_06",
    "SALTO/Reprise_11_03_24/Taches/Demo",
    "SALTO/Reprise_11_03_24/Taches/VF",
    "SALTO/Deroulement_Taches_SALTO/Precess RH",
    "Sans titre.canvas"
  ]
}